{"cameraMode":{"drawMode":0,"name":"Shaded","section":"Shading Mode"},"sceneLighting":false,"audioPlay":false,"sceneViewState":{"showFog":true,"showMaterialUpdate":false,"showSkybox":false,"showFlares":true,"showImageEffects":true,"showParticleSystems":true},"in2DMode":false,"pivot":{"x":0.11000001430511475,"y":0.7000000476837158,"z":20.790000915527345},"rotation":{"x":-0.019224220886826516,"y":0.9671946167945862,"z":-0.24130722880363465,"w":-0.07705503702163696},"size":11.7769193649292,"orthographic":false}